id,first_name,last_name,email,gender,location
1,Steven,Harrison,sharrison0@columbia.edu,Male,4
2,Stephanie,Hawkins,shawkins1@huffingtonpost.com,Female,10
3,Louis,Greene,lgreene2@github.com,Male,9
4,Christina,Wallace,cwallace3@bbb.org,Female,7
5,Larry,Evans,levans4@dot.gov,Male,9
6,Harold,Tucker,htucker5@cdc.gov,Male,1
7,Amanda,Brown,abrown6@tripod.com,Female,10
8,Jimmy,Reid,jreid7@list-manage.com,Male,1
9,Chris,Mitchell,cmitchell8@state.gov,Male,5
10,Jonathan,Davis,jdavis9@mail.ru,Male,9
11,Rose,Hudson,rhudsona@jigsy.com,Female,4
12,Kenneth,Rivera,kriverab@unicef.org,Male,8
13,Jacqueline,Arnold,jarnoldc@boston.com,Female,7
14,Marie,Banks,mbanksd@unc.edu,Female,6
15,Howard,Boyd,hboyde@opensource.org,Male,9
16,Barbara,Gordon,bgordonf@twitpic.com,Female,7
17,Anthony,Gray,agrayg@miitbeian.gov.cn,Male,3
18,Annie,Boyd,aboydh@msu.edu,Female,10
19,Pamela,Allen,palleni@mail.ru,Female,7
20,Karen,Schmidt,kschmidtj@nbcnews.com,Female,2
21,Elizabeth,Smith,esmithk@studiopress.com,Female,4
22,Shirley,Romero,sromerol@gmpg.org,Female,10
23,Doris,Gomez,dgomezm@mit.edu,Female,7
24,Jimmy,Harvey,jharveyn@examiner.com,Male,1
25,Ruth,Richards,rrichardso@flavors.me,Female,6
26,Benjamin,Warren,bwarrenp@is.gd,Male,3
27,Robin,Mitchell,rmitchellq@ibm.com,Female,4
28,William,Dixon,wdixonr@rediff.com,Male,1
29,Carolyn,Austin,caustins@senate.gov,Female,10
30,Walter,Campbell,wcampbellt@businessinsider.com,Male,7
31,Anthony,Robinson,arobinsonu@alexa.com,Male,3
32,Louise,Watkins,lwatkinsv@mapy.cz,Female,8
33,Eugene,Phillips,ephillipsw@kickstarter.com,Male,5
34,Robin,Day,rdayx@g.co,Female,5
35,Walter,Bryant,wbryanty@redcross.org,Male,7
36,Larry,Hunt,lhuntz@huffingtonpost.com,Male,2
37,Rebecca,Gonzalez,rgonzalez10@google.com.au,Female,9
38,Kathleen,Frazier,kfrazier11@un.org,Female,9
39,Teresa,Simpson,tsimpson12@loc.gov,Female,7
40,Barbara,Sullivan,bsullivan13@phpbb.com,Female,7
41,Robin,Moore,rmoore14@loc.gov,Female,5
42,Lisa,Daniels,ldaniels15@paypal.com,Female,6
43,Robert,Coleman,rcoleman16@people.com.cn,Male,8
44,Brian,Bowman,bbowman17@google.co.jp,Male,2
45,Daniel,Gordon,dgordon18@wikispaces.com,Male,9
46,Mildred,Shaw,mshaw19@xing.com,Female,10
47,Richard,Carpenter,rcarpenter1a@ning.com,Male,5
48,Andrew,Gonzalez,agonzalez1b@aboutads.info,Male,2
49,Terry,Burke,tburke1c@berkeley.edu,Male,10
50,Phillip,Thompson,pthompson1d@pinterest.com,Male,5
51,Steve,Gilbert,sgilbert1e@myspace.com,Male,5
52,Jane,Daniels,jdaniels1f@deliciousdays.com,Female,2
53,Roy,Cruz,rcruz1g@gravatar.com,Male,6
54,Stephanie,Willis,swillis1h@posterous.com,Female,8
55,Barbara,Stevens,bstevens1i@cbc.ca,Female,6
56,Louis,Howell,lhowell1j@opera.com,Male,10
57,Lawrence,Simmons,lsimmons1k@bbb.org,Male,6
58,Paul,Chavez,pchavez1l@storify.com,Male,10
59,Frank,Boyd,fboyd1m@macromedia.com,Male,5
60,Patricia,Nguyen,pnguyen1n@dailymotion.com,Female,9
61,Denise,Johnston,djohnston1o@washington.edu,Female,3
62,Theresa,Black,tblack1p@vinaora.com,Female,1
63,Kathy,Ramos,kramos1q@fema.gov,Female,1
64,Kathryn,Crawford,kcrawford1r@slashdot.org,Female,3
65,Susan,Hamilton,shamilton1s@eepurl.com,Female,1
66,Phyllis,Ruiz,pruiz1t@cnn.com,Female,9
67,Donna,Grant,dgrant1u@whitehouse.gov,Female,2
68,Wayne,Griffin,wgriffin1v@nasa.gov,Male,9
69,Jane,Gonzales,jgonzales1w@t.co,Female,10
70,Matthew,Sullivan,msullivan1x@stumbleupon.com,Male,10
71,Louise,Brooks,lbrooks1y@twitter.com,Female,2
72,Sharon,Watkins,swatkins1z@indiegogo.com,Female,1
73,Cheryl,Warren,cwarren20@princeton.edu,Female,7
74,Rose,Cole,rcole21@statcounter.com,Female,2
75,Joshua,Riley,jriley22@ox.ac.uk,Male,2
76,William,Moore,wmoore23@typepad.com,Male,1
77,Joseph,Grant,jgrant24@army.mil,Male,5
78,Maria,Howard,mhoward25@sogou.com,Female,2
79,Evelyn,Vasquez,evasquez26@list-manage.com,Female,1
80,Ryan,Coleman,rcoleman27@state.gov,Male,6
81,Stephen,Montgomery,smontgomery28@edublogs.org,Male,5
82,Henry,Perry,hperry29@sogou.com,Male,8
83,Bonnie,Coleman,bcoleman2a@addthis.com,Female,8
84,Jason,Campbell,jcampbell2b@digg.com,Male,5
85,Lisa,Graham,lgraham2c@amazon.co.uk,Female,6
86,Carl,Gonzalez,cgonzalez2d@cmu.edu,Male,2
87,Wanda,Green,wgreen2e@ted.com,Female,7
88,Roger,Banks,rbanks2f@youtube.com,Male,8
89,Benjamin,Snyder,bsnyder2g@youtu.be,Male,3
90,Marie,Gonzalez,mgonzalez2h@techcrunch.com,Female,8
91,Ryan,Fernandez,rfernandez2i@youtube.com,Male,9
92,Ashley,George,ageorge2j@twitpic.com,Female,2
93,Carlos,Bennett,cbennett2k@state.tx.us,Male,8
94,Christine,Freeman,cfreeman2l@shutterfly.com,Female,9
95,Harry,Ryan,hryan2m@cbslocal.com,Male,7
96,Amy,Andrews,aandrews2n@cisco.com,Female,8
97,Donald,Day,dday2o@icq.com,Male,7
98,Douglas,Reid,dreid2p@last.fm,Male,6
99,Diane,Lopez,dlopez2q@msn.com,Female,10
100,Teresa,Freeman,tfreeman2r@hatena.ne.jp,Female,1
101,Frank,Henderson,fhenderson2s@ustream.tv,Male,5
102,Anthony,Thomas,athomas2t@foxnews.com,Male,10
103,Denise,White,dwhite2u@bbc.co.uk,Female,7
104,Tammy,Ryan,tryan2v@hatena.ne.jp,Female,5
105,Joan,Mills,jmills2w@twitpic.com,Female,2
106,Jessica,Peters,jpeters2x@ted.com,Female,6
107,Sharon,Mendoza,smendoza2y@whitehouse.gov,Female,8
108,Frances,Moore,fmoore2z@amazon.co.jp,Female,5
109,Doris,Reyes,dreyes30@redcross.org,Female,1
110,Anna,Hanson,ahanson31@google.com.au,Female,1
111,Linda,Hayes,lhayes32@tripadvisor.com,Female,8
112,Heather,Perkins,hperkins33@buzzfeed.com,Female,5
113,Irene,Harrison,iharrison34@google.com.au,Female,6
114,Brenda,Peters,bpeters35@theatlantic.com,Female,6
115,Martin,Welch,mwelch36@soup.io,Male,6
116,Arthur,Moore,amoore37@amazon.de,Male,9
117,Jean,Stone,jstone38@usda.gov,Female,1
118,Chris,Phillips,cphillips39@ucoz.ru,Male,3
119,Diana,Moreno,dmoreno3a@nsw.gov.au,Female,3
120,Jerry,Hughes,jhughes3b@google.it,Male,4
121,Ryan,Williamson,rwilliamson3c@google.pl,Male,9
122,Eric,Chavez,echavez3d@quantcast.com,Male,2
123,Larry,Cox,lcox3e@chicagotribune.com,Male,6
124,Matthew,Carpenter,mcarpenter3f@google.fr,Male,8
125,Gary,Arnold,garnold3g@merriam-webster.com,Male,2
126,Jean,Stewart,jstewart3h@yandex.ru,Female,6
127,Wayne,Owens,wowens3i@timesonline.co.uk,Male,4
128,Matthew,Reynolds,mreynolds3j@webeden.co.uk,Male,9
129,Julie,Hawkins,jhawkins3k@marketwatch.com,Female,3
130,Daniel,Kelly,dkelly3l@bizjournals.com,Male,8
131,Sandra,Bennett,sbennett3m@ezinearticles.com,Female,2
132,Daniel,Gordon,dgordon3n@ifeng.com,Male,3
133,Judy,Gibson,jgibson3o@bluehost.com,Female,3
134,Kathy,Bryant,kbryant3p@independent.co.uk,Female,9
135,Heather,Carroll,hcarroll3q@blog.com,Female,9
136,Doris,Anderson,danderson3r@microsoft.com,Female,9
137,Alan,Mitchell,amitchell3s@aboutads.info,Male,2
138,Patrick,Warren,pwarren3t@apple.com,Male,9
139,Andrew,Hicks,ahicks3u@csmonitor.com,Male,2
140,Nancy,Turner,nturner3v@whitehouse.gov,Female,4
141,Frank,Myers,fmyers3w@un.org,Male,3
142,Ryan,Hicks,rhicks3x@dedecms.com,Male,3
143,William,Graham,wgraham3y@mail.ru,Male,5
144,Brenda,Garcia,bgarcia3z@shinystat.com,Female,1
145,Carl,Rodriguez,crodriguez40@bing.com,Male,2
146,Anthony,Garrett,agarrett41@infoseek.co.jp,Male,2
147,Charles,King,cking42@amazon.co.jp,Male,2
148,Annie,Schmidt,aschmidt43@netscape.com,Female,5
149,Anthony,Gonzales,agonzales44@mapquest.com,Male,9
150,Edward,Ramirez,eramirez45@github.io,Male,2
151,Earl,Gilbert,egilbert46@icq.com,Male,8
152,Marilyn,Lopez,mlopez47@theatlantic.com,Female,9
153,Kathy,Sullivan,ksullivan48@spiegel.de,Female,2
154,Patricia,Lynch,plynch49@scientificamerican.com,Female,5
155,Jesse,Russell,jrussell4a@home.pl,Male,8
156,Martin,Simpson,msimpson4b@yelp.com,Male,2
157,Benjamin,Jordan,bjordan4c@reference.com,Male,9
158,Thomas,Schmidt,tschmidt4d@umn.edu,Male,4
159,Paula,Sanders,psanders4e@360.cn,Female,4
160,Scott,Dixon,sdixon4f@rambler.ru,Male,2
161,Andrea,Wheeler,awheeler4g@va.gov,Female,6
162,Kathryn,Perkins,kperkins4h@lycos.com,Female,7
163,David,Reynolds,dreynolds4i@youku.com,Male,7
164,Arthur,Collins,acollins4j@timesonline.co.uk,Male,10
165,Carl,Warren,cwarren4k@hao123.com,Male,4
166,Jeffrey,Long,jlong4l@stanford.edu,Male,10
167,Larry,Ward,lward4m@paypal.com,Male,5
168,Shawn,Fuller,sfuller4n@apple.com,Male,1
169,Tina,Bowman,tbowman4o@loc.gov,Female,9
170,Jeffrey,Snyder,jsnyder4p@webmd.com,Male,4
171,Christopher,Gutierrez,cgutierrez4q@vimeo.com,Male,6
172,Stephen,Stone,sstone4r@va.gov,Male,6
173,Julia,Gardner,jgardner4s@foxnews.com,Female,1
174,Ruth,Carpenter,rcarpenter4t@amazonaws.com,Female,5
175,Martha,Woods,mwoods4u@apple.com,Female,5
176,Steve,Wallace,swallace4v@fda.gov,Male,3
177,Joe,Little,jlittle4w@wufoo.com,Male,10
178,Frank,Oliver,foliver4x@angelfire.com,Male,3
179,Justin,Sanchez,jsanchez4y@ca.gov,Male,2
180,Peter,Gordon,pgordon4z@ihg.com,Male,10
181,Beverly,Butler,bbutler50@cmu.edu,Female,3
182,Wanda,Dixon,wdixon51@live.com,Female,10
183,Lori,Mccoy,lmccoy52@howstuffworks.com,Female,6
184,Justin,Graham,jgraham53@altervista.org,Male,7
185,Dorothy,Reid,dreid54@state.tx.us,Female,10
186,Jacqueline,Banks,jbanks55@technorati.com,Female,5
187,Fred,Bennett,fbennett56@hatena.ne.jp,Male,8
188,Joan,Cook,jcook57@yale.edu,Female,1
189,Jonathan,Richardson,jrichardson58@washington.edu,Male,6
190,Michael,Hart,mhart59@goodreads.com,Male,4
191,Theresa,Simpson,tsimpson5a@liveinternet.ru,Female,5
192,Cynthia,Burton,cburton5b@ustream.tv,Female,1
193,Heather,West,hwest5c@yellowpages.com,Female,10
194,Christopher,Gomez,cgomez5d@nytimes.com,Male,8
195,Dorothy,Green,dgreen5e@imdb.com,Female,8
196,Helen,Coleman,hcoleman5f@statcounter.com,Female,10
197,Brian,Edwards,bedwards5g@ft.com,Male,10
198,Beverly,Payne,bpayne5h@omniture.com,Female,7
199,Theresa,Owens,towens5i@123-reg.co.uk,Female,7
200,Gary,Richardson,grichardson5j@narod.ru,Male,2
201,Deborah,Cruz,dcruz5k@cdbaby.com,Female,10
202,Joyce,Welch,jwelch5l@marketwatch.com,Female,6
203,Larry,Barnes,lbarnes5m@princeton.edu,Male,1
204,Jesse,Anderson,janderson5n@hibu.com,Male,4
205,Carol,Simmons,csimmons5o@ycombinator.com,Female,9
206,Raymond,Black,rblack5p@cbsnews.com,Male,3
207,Jeffrey,Rodriguez,jrodriguez5q@umn.edu,Male,2
208,Lisa,Willis,lwillis5r@vinaora.com,Female,1
209,Eric,Cooper,ecooper5s@un.org,Male,5
210,Christine,Reynolds,creynolds5t@ovh.net,Female,3
211,Christine,Wagner,cwagner5u@feedburner.com,Female,5
212,Donald,George,dgeorge5v@oracle.com,Male,10
213,Scott,Morris,smorris5w@hhs.gov,Male,6
214,George,Weaver,gweaver5x@gov.uk,Male,8
215,Dorothy,Gardner,dgardner5y@house.gov,Female,8
216,Johnny,Shaw,jshaw5z@jalbum.net,Male,5
217,Gary,Scott,gscott60@nydailynews.com,Male,4
218,Elizabeth,Wheeler,ewheeler61@shinystat.com,Female,8
219,Terry,Scott,tscott62@ucsd.edu,Male,4
220,Justin,Lane,jlane63@nbcnews.com,Male,10
221,Sean,Rice,srice64@usatoday.com,Male,7
222,Albert,Kelley,akelley65@xinhuanet.com,Male,2
223,Kathy,Henry,khenry66@vimeo.com,Female,8
224,Russell,Gordon,rgordon67@indiegogo.com,Male,10
225,James,Cox,jcox68@wikimedia.org,Male,3
226,Tina,Ross,tross69@usa.gov,Female,2
227,Peter,Smith,psmith6a@google.de,Male,3
228,Paula,West,pwest6b@cornell.edu,Female,10
229,Thomas,Sims,tsims6c@bandcamp.com,Male,5
230,Patrick,Mills,pmills6d@forbes.com,Male,3
231,Adam,Wallace,awallace6e@seesaa.net,Male,9
232,Michelle,Clark,mclark6f@usda.gov,Female,10
233,Jennifer,Perry,jperry6g@unicef.org,Female,2
234,Jessica,Coleman,jcoleman6h@youku.com,Female,3
235,Roger,Hansen,rhansen6i@go.com,Male,8
236,Carl,Ferguson,cferguson6j@nhs.uk,Male,4
237,Wayne,Lane,wlane6k@dropbox.com,Male,5
238,Kathy,Nelson,knelson6l@fda.gov,Female,2
239,Sarah,Wells,swells6m@tripod.com,Female,4
240,Lisa,Ryan,lryan6n@dell.com,Female,3
241,Beverly,Day,bday6o@twitpic.com,Female,7
242,Bonnie,Brown,bbrown6p@shareasale.com,Female,8
243,Mary,Black,mblack6q@xinhuanet.com,Female,5
244,Jennifer,Alexander,jalexander6r@slideshare.net,Female,5
245,Frank,Black,fblack6s@ox.ac.uk,Male,5
246,Laura,Price,lprice6t@amazon.co.uk,Female,1
247,Ruth,Wells,rwells6u@bloomberg.com,Female,9
248,Lisa,Alexander,lalexander6v@webnode.com,Female,4
249,Chris,Gonzales,cgonzales6w@usgs.gov,Male,2
250,Jimmy,Lee,jlee6x@shop-pro.jp,Male,6
251,Gregory,Mason,gmason6y@businessinsider.com,Male,1
252,Rose,Graham,rgraham6z@china.com.cn,Female,2
253,Jimmy,Matthews,jmatthews70@wiley.com,Male,8
254,Carolyn,Johnson,cjohnson71@networkadvertising.org,Female,7
255,Scott,Bailey,sbailey72@yahoo.co.jp,Male,6
256,Keith,Burns,kburns73@macromedia.com,Male,2
257,Antonio,Welch,awelch74@oaic.gov.au,Male,1
258,Brandon,Jordan,bjordan75@tiny.cc,Male,2
259,Cynthia,Ford,cford76@forbes.com,Female,4
260,Matthew,Lopez,mlopez77@economist.com,Male,10
261,Douglas,Lawson,dlawson78@imgur.com,Male,3
262,Frank,Lynch,flynch79@wix.com,Male,2
263,Phillip,Tucker,ptucker7a@bandcamp.com,Male,1
264,Joshua,Grant,jgrant7b@thetimes.co.uk,Male,3
265,Michelle,Ramos,mramos7c@vkontakte.ru,Female,2
266,Stephen,Holmes,sholmes7d@zdnet.com,Male,3
267,Gerald,Collins,gcollins7e@cyberchimps.com,Male,4
268,Billy,Hall,bhall7f@mayoclinic.com,Male,2
269,Stephen,Marshall,smarshall7g@artisteer.com,Male,7
270,Mildred,Williams,mwilliams7h@etsy.com,Female,4
271,Michael,Hansen,mhansen7i@163.com,Male,4
272,Nicole,Reynolds,nreynolds7j@wunderground.com,Female,8
273,Jennifer,Butler,jbutler7k@cyberchimps.com,Female,10
274,Frances,Morales,fmorales7l@furl.net,Female,5
275,Justin,Wheeler,jwheeler7m@yolasite.com,Male,2
276,Jonathan,Olson,jolson7n@skyrock.com,Male,4
277,Douglas,Fox,dfox7o@simplemachines.org,Male,4
278,Gloria,Owens,gowens7p@tumblr.com,Female,4
279,Kathryn,Day,kday7q@noaa.gov,Female,9
280,Bonnie,Harper,bharper7r@unc.edu,Female,3
281,William,Moore,wmoore7s@ocn.ne.jp,Male,5
282,Shawn,Moreno,smoreno7t@usgs.gov,Male,2
283,Carolyn,Scott,cscott7u@barnesandnoble.com,Female,8
284,Shirley,Barnes,sbarnes7v@indiatimes.com,Female,2
285,Carl,Boyd,cboyd7w@nhs.uk,Male,4
286,Nancy,West,nwest7x@tuttocitta.it,Female,1
287,Eugene,Washington,ewashington7y@unesco.org,Male,3
288,Laura,Howell,lhowell7z@jalbum.net,Female,5
289,Philip,Weaver,pweaver80@tripod.com,Male,7
290,Christopher,Robinson,crobinson81@nationalgeographic.com,Male,7
291,Kathryn,King,kking82@ihg.com,Female,9
292,Mark,Matthews,mmatthews83@nationalgeographic.com,Male,4
293,Bonnie,Stone,bstone84@scientificamerican.com,Female,1
294,Donna,Howell,dhowell85@nba.com,Female,3
295,Terry,Cox,tcox86@baidu.com,Male,8
296,Louise,Allen,lallen87@wikipedia.org,Female,5
297,Catherine,Nichols,cnichols88@mozilla.org,Female,6
298,Paula,Vasquez,pvasquez89@t.co,Female,9
299,Steve,Austin,saustin8a@sourceforge.net,Male,9
300,Annie,Diaz,adiaz8b@list-manage.com,Female,7
301,Robert,Harris,rharris8c@redcross.org,Male,8
302,Denise,Gordon,dgordon8d@ucoz.ru,Female,2
303,Melissa,Morris,mmorris8e@nih.gov,Female,7
304,Alice,Duncan,aduncan8f@senate.gov,Female,5
305,Victor,Gardner,vgardner8g@seesaa.net,Male,5
306,Frances,James,fjames8h@phpbb.com,Female,2
307,Linda,Hart,lhart8i@virginia.edu,Female,2
308,Philip,Hunt,phunt8j@surveymonkey.com,Male,4
309,Gloria,Palmer,gpalmer8k@dagondesign.com,Female,3
310,Carol,Scott,cscott8l@posterous.com,Female,10
311,Anne,Anderson,aanderson8m@live.com,Female,3
312,Billy,Hughes,bhughes8n@tinyurl.com,Male,3
313,Steve,Wallace,swallace8o@pinterest.com,Male,9
314,Timothy,Tucker,ttucker8p@xrea.com,Male,6
315,Ronald,Thomas,rthomas8q@bizjournals.com,Male,5
316,George,Gardner,ggardner8r@earthlink.net,Male,3
317,Anne,Owens,aowens8s@biblegateway.com,Female,9
318,David,Taylor,dtaylor8t@usatoday.com,Male,3
319,Jacqueline,Miller,jmiller8u@booking.com,Female,1
320,Debra,Stephens,dstephens8v@cbc.ca,Female,6
321,Albert,Kennedy,akennedy8w@twitpic.com,Male,9
322,Alan,Garcia,agarcia8x@parallels.com,Male,5
323,Heather,Stephens,hstephens8y@epa.gov,Female,5
324,Sharon,Vasquez,svasquez8z@blogtalkradio.com,Female,5
325,Joe,Jordan,jjordan90@gmpg.org,Male,8
326,Janet,Green,jgreen91@usatoday.com,Female,1
327,Kelly,Pierce,kpierce92@bbc.co.uk,Female,9
328,Bobby,Hanson,bhanson93@sohu.com,Male,4
329,Ashley,Vasquez,avasquez94@hugedomains.com,Female,3
330,Jacqueline,Dixon,jdixon95@cbc.ca,Female,1
331,Phillip,Foster,pfoster96@wordpress.com,Male,3
332,Lawrence,Morrison,lmorrison97@google.co.jp,Male,1
333,Norma,Hill,nhill98@wired.com,Female,5
334,Debra,Webb,dwebb99@state.gov,Female,9
335,Andrew,Phillips,aphillips9a@upenn.edu,Male,8
336,Clarence,Murray,cmurray9b@feedburner.com,Male,4
337,Bruce,Perry,bperry9c@parallels.com,Male,1
338,Tammy,Ray,tray9d@ustream.tv,Female,5
339,Harold,Moreno,hmoreno9e@reddit.com,Male,4
340,James,Crawford,jcrawford9f@npr.org,Male,4
341,Helen,Stone,hstone9g@webmd.com,Female,7
342,Clarence,Garrett,cgarrett9h@spiegel.de,Male,10
343,Matthew,Wheeler,mwheeler9i@apple.com,Male,4
344,Steven,Anderson,sanderson9j@sina.com.cn,Male,2
345,Patricia,Perkins,pperkins9k@exblog.jp,Female,10
346,Ralph,Ray,rray9l@mayoclinic.com,Male,5
347,Elizabeth,Reid,ereid9m@trellian.com,Female,10
348,Frank,Lee,flee9n@irs.gov,Male,2
349,Arthur,White,awhite9o@tripod.com,Male,6
350,Sharon,Robinson,srobinson9p@friendfeed.com,Female,5
351,Rachel,Reynolds,rreynolds9q@issuu.com,Female,3
352,Todd,James,tjames9r@sfgate.com,Male,6
353,Antonio,Garrett,agarrett9s@hubpages.com,Male,3
354,Willie,Patterson,wpatterson9t@quantcast.com,Male,3
355,Dennis,Hudson,dhudson9u@omniture.com,Male,4
356,Barbara,Holmes,bholmes9v@barnesandnoble.com,Female,3
357,Bobby,Bennett,bbennett9w@flickr.com,Male,10
358,Catherine,Allen,callen9x@sogou.com,Female,10
359,Arthur,Powell,apowell9y@slashdot.org,Male,10
360,David,George,dgeorge9z@google.cn,Male,2
361,Nicole,Green,ngreena0@amazon.co.jp,Female,3
362,Adam,Ray,araya1@usgs.gov,Male,1
363,Julie,Spencer,jspencera2@salon.com,Female,2
364,Heather,Hicks,hhicksa3@latimes.com,Female,6
365,Thomas,Carpenter,tcarpentera4@bbb.org,Male,9
366,Marie,Sullivan,msullivana5@epa.gov,Female,10
367,Brian,Evans,bevansa6@bloglovin.com,Male,5
368,Sean,Elliott,selliotta7@hubpages.com,Male,4
369,Roger,Carr,rcarra8@nba.com,Male,10
370,Philip,Hamilton,phamiltona9@last.fm,Male,3
371,Sharon,Lynch,slynchaa@feedburner.com,Female,5
372,Kimberly,Flores,kfloresab@sfgate.com,Female,8
373,Henry,Austin,haustinac@nhs.uk,Male,5
374,Wanda,Lopez,wlopezad@fema.gov,Female,8
375,William,Turner,wturnerae@marriott.com,Male,10
376,Juan,Kim,jkimaf@shop-pro.jp,Male,8
377,Marilyn,Lawson,mlawsonag@seattletimes.com,Female,4
378,Elizabeth,Peterson,epetersonah@twitpic.com,Female,6
379,Anna,Dean,adeanai@skype.com,Female,5
380,Todd,Edwards,tedwardsaj@cyberchimps.com,Male,1
381,Roy,Bell,rbellak@ucsd.edu,Male,6
382,Stephen,Howell,showellal@yahoo.co.jp,Male,10
383,Scott,Jackson,sjacksonam@nps.gov,Male,3
384,Sean,Welch,swelchan@facebook.com,Male,1
385,Joan,Roberts,jrobertsao@howstuffworks.com,Female,1
386,Scott,Wood,swoodap@google.it,Male,3
387,Christopher,Ward,cwardaq@java.com,Male,6
388,Lisa,Warren,lwarrenar@myspace.com,Female,3
389,Andrea,Mccoy,amccoyas@chronoengine.com,Female,4
390,Carolyn,Ramos,cramosat@tinyurl.com,Female,4
391,Joan,Cunningham,jcunninghamau@fda.gov,Female,1
392,Kevin,Cooper,kcooperav@zdnet.com,Male,7
393,Janet,Ellis,jellisaw@cbslocal.com,Female,4
394,Shirley,Duncan,sduncanax@ovh.net,Female,7
395,Joseph,Simpson,jsimpsonay@ameblo.jp,Male,7
396,Henry,Schmidt,hschmidtaz@yandex.ru,Male,4
397,Nancy,Peterson,npetersonb0@etsy.com,Female,5
398,Janet,Franklin,jfranklinb1@goo.ne.jp,Female,2
399,Marilyn,Grant,mgrantb2@latimes.com,Female,6
400,Kenneth,Morrison,kmorrisonb3@loc.gov,Male,2
401,Jason,Gilbert,jgilbertb4@samsung.com,Male,10
402,Theresa,Sanchez,tsanchezb5@blogger.com,Female,4
403,Jerry,Hayes,jhayesb6@icio.us,Male,8
404,Donald,Bryant,dbryantb7@prlog.org,Male,3
405,Jose,Sims,jsimsb8@mashable.com,Male,6
406,Sandra,Parker,sparkerb9@dion.ne.jp,Female,4
407,Carl,Black,cblackba@ocn.ne.jp,Male,7
408,Pamela,Mendoza,pmendozabb@cyberchimps.com,Female,5
409,Diane,Robinson,drobinsonbc@odnoklassniki.ru,Female,3
410,Willie,Alexander,walexanderbd@miibeian.gov.cn,Male,1
411,Sarah,Reid,sreidbe@dedecms.com,Female,4
412,Jerry,Stevens,jstevensbf@java.com,Male,10
413,Katherine,White,kwhitebg@xinhuanet.com,Female,4
414,Evelyn,Harvey,eharveybh@house.gov,Female,4
415,Shawn,Hall,shallbi@yelp.com,Male,4
416,James,Welch,jwelchbj@ask.com,Male,9
417,Timothy,Lawrence,tlawrencebk@amazon.co.uk,Male,8
418,Frances,Freeman,ffreemanbl@ebay.co.uk,Female,7
419,Diane,Hayes,dhayesbm@cam.ac.uk,Female,9
420,Brenda,Rodriguez,brodriguezbn@samsung.com,Female,10
421,Paul,Bryant,pbryantbo@comcast.net,Male,7
422,Charles,Carter,ccarterbp@columbia.edu,Male,10
423,Juan,Gonzalez,jgonzalezbq@netlog.com,Male,1
424,Rebecca,Murphy,rmurphybr@npr.org,Female,9
425,Sean,Butler,sbutlerbs@cargocollective.com,Male,3
426,Jacqueline,Robertson,jrobertsonbt@imdb.com,Female,4
427,Alice,Bailey,abaileybu@imdb.com,Female,3
428,Aaron,Thomas,athomasbv@cdbaby.com,Male,8
429,Fred,Foster,ffosterbw@bbc.co.uk,Male,1
430,Jose,Woods,jwoodsbx@chron.com,Male,5
431,Phyllis,Rivera,priveraby@ted.com,Female,2
432,Justin,Hansen,jhansenbz@sourceforge.net,Male,1
433,Mildred,Brown,mbrownc0@oracle.com,Female,9
434,Emily,Gonzalez,egonzalezc1@wikia.com,Female,4
435,Judy,Howard,jhowardc2@sciencedirect.com,Female,8
436,Frances,Bishop,fbishopc3@ycombinator.com,Female,6
437,Carolyn,Johnson,cjohnsonc4@berkeley.edu,Female,4
438,Henry,Banks,hbanksc5@list-manage.com,Male,9
439,Julie,Gonzalez,jgonzalezc6@reverbnation.com,Female,5
440,Fred,Rogers,frogersc7@google.com.au,Male,8
441,Mildred,Cox,mcoxc8@weather.com,Female,1
442,Todd,Cook,tcookc9@google.pl,Male,5
443,Patrick,Simmons,psimmonsca@webnode.com,Male,9
444,Douglas,Torres,dtorrescb@digg.com,Male,7
445,Bonnie,Baker,bbakercc@msu.edu,Female,9
446,Bobby,Murphy,bmurphycd@geocities.com,Male,2
447,Norma,Harvey,nharveyce@miitbeian.gov.cn,Female,1
448,Heather,Lee,hleecf@sciencedirect.com,Female,9
449,Sean,Kim,skimcg@yellowbook.com,Male,3
450,Cynthia,Wheeler,cwheelerch@home.pl,Female,10
451,Nicholas,Marshall,nmarshallci@free.fr,Male,4
452,Philip,Morgan,pmorgancj@cnn.com,Male,8
453,Lori,Rivera,lriverack@bizjournals.com,Female,1
454,Jessica,Grant,jgrantcl@wordpress.com,Female,10
455,Jane,Black,jblackcm@163.com,Female,5
456,Jessica,Peterson,jpetersoncn@w3.org,Female,9
457,Martha,Meyer,mmeyerco@dagondesign.com,Female,8
458,Lawrence,James,ljamescp@blog.com,Male,8
459,Margaret,Riley,mrileycq@deviantart.com,Female,3
460,Juan,Davis,jdaviscr@cpanel.net,Male,1
461,Chris,Ramos,cramoscs@accuweather.com,Male,7
462,Antonio,Welch,awelchct@hugedomains.com,Male,4
463,Russell,West,rwestcu@washington.edu,Male,9
464,Juan,King,jkingcv@cbslocal.com,Male,5
465,William,Gilbert,wgilbertcw@washington.edu,Male,4
466,Joan,Stewart,jstewartcx@instagram.com,Female,1
467,Rose,Romero,rromerocy@cargocollective.com,Female,1
468,Keith,Garrett,kgarrettcz@weather.com,Male,5
469,Beverly,Hunt,bhuntd0@squidoo.com,Female,10
470,Harry,Lewis,hlewisd1@ucoz.com,Male,3
471,Paula,Jenkins,pjenkinsd2@imageshack.us,Female,8
472,Arthur,Robinson,arobinsond3@jimdo.com,Male,8
473,Sharon,Henry,shenryd4@bluehost.com,Female,1
474,Theresa,Watson,twatsond5@wordpress.com,Female,6
475,Frances,Williams,fwilliamsd6@w3.org,Female,3
476,Ann,Franklin,afranklind7@cyberchimps.com,Female,7
477,Gary,Cooper,gcooperd8@rakuten.co.jp,Male,2
478,Emily,Sanchez,esanchezd9@nsw.gov.au,Female,10
479,Jack,Harrison,jharrisonda@ow.ly,Male,9
480,Jean,Wood,jwooddb@shinystat.com,Female,6
481,Lisa,Sanchez,lsanchezdc@tamu.edu,Female,5
482,Matthew,Ellis,mellisdd@yellowpages.com,Male,10
483,Ralph,Stewart,rstewartde@whitehouse.gov,Male,6
484,Jessica,Reed,jreeddf@loc.gov,Female,5
485,Howard,Thompson,hthompsondg@domainmarket.com,Male,4
486,Martha,Snyder,msnyderdh@phoca.cz,Female,6
487,Mildred,Payne,mpaynedi@lycos.com,Female,2
488,Gloria,Riley,grileydj@nationalgeographic.com,Female,9
489,Dennis,Chavez,dchavezdk@ovh.net,Male,4
490,Christopher,West,cwestdl@seattletimes.com,Male,6
491,Fred,Collins,fcollinsdm@walmart.com,Male,4
492,Cheryl,Stewart,cstewartdn@chicagotribune.com,Female,8
493,Lillian,Riley,lrileydo@t-online.de,Female,1
494,Denise,Gardner,dgardnerdp@indiatimes.com,Female,3
495,Sarah,Austin,saustindq@cnbc.com,Female,7
496,Roy,Sullivan,rsullivandr@loc.gov,Male,6
497,Mildred,Bailey,mbaileyds@homestead.com,Female,8
498,Joshua,Gomez,jgomezdt@tinyurl.com,Male,7
499,William,Howard,whowarddu@soup.io,Male,5
500,Dennis,Henderson,dhendersondv@eepurl.com,Male,8
501,David,Long,dlongdw@dell.com,Male,8
502,Dorothy,Greene,dgreenedx@mtv.com,Female,3
503,Amanda,Hunt,ahuntdy@mail.ru,Female,4
504,Tina,Ramos,tramosdz@g.co,Female,4
505,William,Brooks,wbrookse0@phpbb.com,Male,10
506,Emily,Russell,erusselle1@youtube.com,Female,8
507,Benjamin,Reyes,breyese2@dell.com,Male,8
508,Anthony,Lawrence,alawrencee3@umn.edu,Male,10
509,Helen,Green,hgreene4@cocolog-nifty.com,Female,2
510,Martin,Banks,mbankse5@yahoo.com,Male,3
511,Thomas,Stephens,tstephense6@opensource.org,Male,8
512,Carol,Hawkins,chawkinse7@bing.com,Female,1
513,Douglas,Price,dpricee8@oakley.com,Male,10
514,Pamela,Mills,pmillse9@com.com,Female,2
515,Jennifer,Mccoy,jmccoyea@wunderground.com,Female,1
516,Evelyn,Reid,ereideb@archive.org,Female,10
517,Tammy,Gutierrez,tgutierrezec@nbcnews.com,Female,3
518,Jacqueline,Carr,jcarred@sbwire.com,Female,10
519,Samuel,Shaw,sshawee@altervista.org,Male,4
520,Gerald,Kelley,gkelleyef@i2i.jp,Male,7
521,Tammy,Hudson,thudsoneg@howstuffworks.com,Female,9
522,Diana,Ramos,dramoseh@boston.com,Female,1
523,Julie,Fields,jfieldsei@reference.com,Female,3
524,Lawrence,Ross,lrossej@squarespace.com,Male,7
525,Marilyn,Hill,mhillek@indiatimes.com,Female,2
526,Paul,Kelly,pkellyel@youku.com,Male,9
527,Harold,Torres,htorresem@google.com.au,Male,9
528,Jerry,Patterson,jpattersonen@rambler.ru,Male,7
529,Jason,Carpenter,jcarpentereo@wufoo.com,Male,5
530,Charles,Kennedy,ckennedyep@vk.com,Male,5
531,David,Bennett,dbennetteq@marketwatch.com,Male,4
532,Jesse,Montgomery,jmontgomeryer@123-reg.co.uk,Male,1
533,Carolyn,Black,cblackes@harvard.edu,Female,4
534,Charles,Black,cblacket@angelfire.com,Male,9
535,Sandra,Moore,smooreeu@amazon.com,Female,7
536,Jesse,Harrison,jharrisonev@arizona.edu,Male,10
537,Jesse,Bryant,jbryantew@thetimes.co.uk,Male,3
538,Brian,Ryan,bryanex@illinois.edu,Male,4
539,Gary,Bell,gbelley@blogtalkradio.com,Male,3
540,Katherine,Pierce,kpierceez@wikimedia.org,Female,2
541,Justin,Warren,jwarrenf0@ifeng.com,Male,6
542,Albert,Howell,ahowellf1@privacy.gov.au,Male,5
543,Albert,Grant,agrantf2@admin.ch,Male,6
544,Jessica,Johnson,jjohnsonf3@odnoklassniki.ru,Female,6
545,Terry,Wheeler,twheelerf4@gizmodo.com,Male,1
546,Sharon,Woods,swoodsf5@mit.edu,Female,5
547,Wanda,Diaz,wdiazf6@foxnews.com,Female,3
548,Daniel,Andrews,dandrewsf7@amazon.co.jp,Male,10
549,Mary,Nelson,mnelsonf8@vimeo.com,Female,4
550,Rebecca,Clark,rclarkf9@theatlantic.com,Female,9
551,Antonio,Robinson,arobinsonfa@ihg.com,Male,5
552,Phyllis,Bell,pbellfb@telegraph.co.uk,Female,8
553,Shawn,Jackson,sjacksonfc@constantcontact.com,Male,4
554,Amy,White,awhitefd@theguardian.com,Female,5
555,Diane,Tucker,dtuckerfe@a8.net,Female,6
556,Evelyn,Taylor,etaylorff@tripod.com,Female,8
557,Theresa,Ramirez,tramirezfg@1688.com,Female,2
558,Nicole,Tucker,ntuckerfh@issuu.com,Female,7
559,Shawn,Price,spricefi@prnewswire.com,Male,9
560,Jerry,Arnold,jarnoldfj@so-net.ne.jp,Male,9
561,Donna,Stewart,dstewartfk@php.net,Female,6
562,Julia,Montgomery,jmontgomeryfl@exblog.jp,Female,10
563,Janice,Scott,jscottfm@gmpg.org,Female,1
564,Philip,Carroll,pcarrollfn@gizmodo.com,Male,6
565,Eric,Ellis,eellisfo@ft.com,Male,3
566,Ashley,Andrews,aandrewsfp@reuters.com,Female,5
567,Louis,Perez,lperezfq@un.org,Male,6
568,Adam,Hernandez,ahernandezfr@oakley.com,Male,8
569,Margaret,Scott,mscottfs@kickstarter.com,Female,7
570,Henry,Wheeler,hwheelerft@mail.ru,Male,7
571,Sara,Andrews,sandrewsfu@si.edu,Female,2
572,Sandra,Edwards,sedwardsfv@desdev.cn,Female,2
573,Sara,Carroll,scarrollfw@digg.com,Female,3
574,Russell,Murphy,rmurphyfx@va.gov,Male,5
575,Jose,Dunn,jdunnfy@nature.com,Male,10
576,Shawn,George,sgeorgefz@drupal.org,Male,5
577,Martin,Harvey,mharveyg0@jimdo.com,Male,8
578,Gloria,Wilson,gwilsong1@tripadvisor.com,Female,3
579,Steve,Wright,swrightg2@imageshack.us,Male,1
580,Deborah,Schmidt,dschmidtg3@fda.gov,Female,3
581,Melissa,Patterson,mpattersong4@cnbc.com,Female,2
582,Billy,Washington,bwashingtong5@umich.edu,Male,1
583,Rebecca,Castillo,rcastillog6@cmu.edu,Female,8
584,Earl,Miller,emillerg7@lycos.com,Male,8
585,Ruby,Hamilton,rhamiltong8@privacy.gov.au,Female,7
586,Kenneth,Stanley,kstanleyg9@sitemeter.com,Male,6
587,Craig,Fisher,cfisherga@jiathis.com,Male,6
588,Benjamin,Sullivan,bsullivangb@vinaora.com,Male,3
589,Jimmy,Hill,jhillgc@google.com.br,Male,1
590,Carolyn,Russell,crussellgd@sogou.com,Female,4
591,Joyce,Sullivan,jsullivange@harvard.edu,Female,1
592,Jean,Harvey,jharveygf@lulu.com,Female,3
593,Judy,Murray,jmurraygg@stumbleupon.com,Female,10
594,Walter,Marshall,wmarshallgh@patch.com,Male,4
595,Alice,Rogers,arogersgi@eepurl.com,Female,7
596,Cheryl,Watson,cwatsongj@indiegogo.com,Female,2
597,Lillian,Morrison,lmorrisongk@china.com.cn,Female,5
598,Ralph,Morgan,rmorgangl@buzzfeed.com,Male,9
599,Clarence,Tucker,ctuckergm@tumblr.com,Male,6
600,Terry,Cunningham,tcunninghamgn@elegantthemes.com,Male,1
601,Ruby,Pierce,rpiercego@lulu.com,Female,2
602,Christine,Owens,cowensgp@reverbnation.com,Female,3
603,Christine,Simpson,csimpsongq@mediafire.com,Female,10
604,Eric,Oliver,eolivergr@google.es,Male,3
605,Gloria,Oliver,golivergs@zimbio.com,Female,6
606,Edward,Montgomery,emontgomerygt@stanford.edu,Male,4
607,Christina,Wheeler,cwheelergu@blogtalkradio.com,Female,2
608,Brandon,Nguyen,bnguyengv@t-online.de,Male,3
609,Christine,Dixon,cdixongw@example.com,Female,5
610,Billy,Porter,bportergx@hibu.com,Male,4
611,Peter,Rivera,priveragy@china.com.cn,Male,7
612,Donald,Bailey,dbaileygz@baidu.com,Male,3
613,Jeremy,Mills,jmillsh0@ebay.com,Male,6
614,Antonio,Torres,atorresh1@miibeian.gov.cn,Male,1
615,Nicole,Andrews,nandrewsh2@ameblo.jp,Female,8
616,Jessica,Wood,jwoodh3@theglobeandmail.com,Female,5
617,Kelly,James,kjamesh4@smugmug.com,Female,5
618,Roger,Diaz,rdiazh5@diigo.com,Male,6
619,Lillian,Stone,lstoneh6@arizona.edu,Female,3
620,Martha,Crawford,mcrawfordh7@admin.ch,Female,1
621,Kimberly,Nichols,knicholsh8@creativecommons.org,Female,5
622,Melissa,Bailey,mbaileyh9@soundcloud.com,Female,4
623,Joe,Phillips,jphillipsha@amazon.co.uk,Male,1
624,Lisa,Woods,lwoodshb@devhub.com,Female,2
625,Linda,Armstrong,larmstronghc@instagram.com,Female,9
626,Rachel,Torres,rtorreshd@friendfeed.com,Female,2
627,Gary,Morgan,gmorganhe@usnews.com,Male,1
628,Gregory,Harper,gharperhf@hexun.com,Male,7
629,Jesse,Montgomery,jmontgomeryhg@qq.com,Male,1
630,Carolyn,Lewis,clewishh@moonfruit.com,Female,5
631,Jack,Young,jyounghi@engadget.com,Male,5
632,Joe,Hicks,jhickshj@va.gov,Male,1
633,Gary,Hanson,ghansonhk@aol.com,Male,2
634,Stephanie,Cooper,scooperhl@cnn.com,Female,4
635,Jessica,Berry,jberryhm@macromedia.com,Female,1
636,Emily,Lopez,elopezhn@dropbox.com,Female,7
637,Todd,Welch,twelchho@histats.com,Male,7
638,Scott,West,swesthp@ow.ly,Male,3
639,Karen,Snyder,ksnyderhq@drupal.org,Female,2
640,Jesse,Hunt,jhunthr@parallels.com,Male,10
641,Denise,Daniels,ddanielshs@boston.com,Female,1
642,Edward,Hughes,ehughesht@blogspot.com,Male,4
643,Ruby,Garza,rgarzahu@ox.ac.uk,Female,6
644,Shawn,Collins,scollinshv@xinhuanet.com,Male,10
645,Scott,Ruiz,sruizhw@techcrunch.com,Male,5
646,Clarence,Coleman,ccolemanhx@ocn.ne.jp,Male,6
647,Jerry,Burns,jburnshy@lycos.com,Male,10
648,Antonio,Watson,awatsonhz@digg.com,Male,7
649,Paula,Perez,pperezi0@myspace.com,Female,5
650,Martha,Berry,mberryi1@domainmarket.com,Female,3
651,Catherine,Morgan,cmorgani2@infoseek.co.jp,Female,2
652,Jennifer,Brooks,jbrooksi3@stumbleupon.com,Female,2
653,Diana,Diaz,ddiazi4@comcast.net,Female,7
654,Betty,Spencer,bspenceri5@ca.gov,Female,4
655,Jason,Berry,jberryi6@imgur.com,Male,7
656,Todd,Hanson,thansoni7@acquirethisname.com,Male,8
657,Amy,Stanley,astanleyi8@china.com.cn,Female,8
658,Janet,Warren,jwarreni9@devhub.com,Female,4
659,Virginia,Hunt,vhuntia@who.int,Female,5
660,Phyllis,Mills,pmillsib@reddit.com,Female,1
661,Ernest,Harris,eharrisic@51.la,Male,3
662,Jean,Berry,jberryid@mediafire.com,Female,6
663,George,Hall,ghallie@360.cn,Male,10
664,Carlos,West,cwestif@who.int,Male,8
665,Cynthia,Webb,cwebbig@ucsd.edu,Female,1
666,Jesse,Olson,jolsonih@barnesandnoble.com,Male,1
667,Anne,Nelson,anelsonii@furl.net,Female,7
668,Thomas,Fuller,tfullerij@imgur.com,Male,5
669,Sean,Reed,sreedik@altervista.org,Male,1
670,Phillip,Montgomery,pmontgomeryil@engadget.com,Male,1
671,Lois,Foster,lfosterim@sciencedaily.com,Female,5
672,Christina,Dixon,cdixonin@mapquest.com,Female,3
673,Joan,Reyes,jreyesio@dell.com,Female,3
674,Wayne,Ray,wrayip@ucla.edu,Male,7
675,Jimmy,Dunn,jdunniq@simplemachines.org,Male,5
676,Tammy,Powell,tpowellir@yahoo.com,Female,2
677,Cheryl,Griffin,cgriffinis@technorati.com,Female,2
678,Joshua,Long,jlongit@columbia.edu,Male,2
679,Michael,Lopez,mlopeziu@bizjournals.com,Male,4
680,Craig,Scott,cscottiv@telegraph.co.uk,Male,9
681,Sarah,Torres,storresiw@discuz.net,Female,3
682,Theresa,Griffin,tgriffinix@blogspot.com,Female,1
683,Donald,Medina,dmedinaiy@si.edu,Male,9
684,Dorothy,Morales,dmoralesiz@cdbaby.com,Female,5
685,Cheryl,Bailey,cbaileyj0@google.nl,Female,5
686,Julia,Hernandez,jhernandezj1@ocn.ne.jp,Female,1
687,Phillip,Harris,pharrisj2@spiegel.de,Male,5
688,James,Alvarez,jalvarezj3@latimes.com,Male,2
689,Larry,Hudson,lhudsonj4@desdev.cn,Male,7
690,Keith,Bailey,kbaileyj5@nps.gov,Male,10
691,Alice,Kim,akimj6@woothemes.com,Female,5
692,Walter,Lawson,wlawsonj7@multiply.com,Male,9
693,Kevin,Tucker,ktuckerj8@cnbc.com,Male,2
694,Roy,Fuller,rfullerj9@dell.com,Male,8
695,Katherine,Ross,krossja@google.ca,Female,3
696,Willie,Boyd,wboydjb@mapquest.com,Male,3
697,Edward,Boyd,eboydjc@usatoday.com,Male,8
698,Anthony,Porter,aporterjd@pen.io,Male,5
699,Patrick,Turner,pturnerje@godaddy.com,Male,7
700,Jessica,Olson,jolsonjf@ycombinator.com,Female,5
701,Kathy,Watson,kwatsonjg@biblegateway.com,Female,1
702,Donald,Larson,dlarsonjh@usatoday.com,Male,10
703,Annie,Marshall,amarshallji@ifeng.com,Female,8
704,Andrea,Cox,acoxjj@washington.edu,Female,10
705,Robin,Bishop,rbishopjk@shareasale.com,Female,1
706,Thomas,Moore,tmoorejl@mediafire.com,Male,9
707,Kelly,Mills,kmillsjm@unc.edu,Female,1
708,Victor,Burton,vburtonjn@home.pl,Male,2
709,Diana,Gomez,dgomezjo@gizmodo.com,Female,6
710,Eugene,Morris,emorrisjp@youtube.com,Male,2
711,Alan,Gibson,agibsonjq@acquirethisname.com,Male,8
712,Alan,Hanson,ahansonjr@boston.com,Male,5
713,Nancy,Freeman,nfreemanjs@wiley.com,Female,7
714,Paula,Freeman,pfreemanjt@oaic.gov.au,Female,4
715,Billy,Myers,bmyersju@patch.com,Male,9
716,Benjamin,Ross,brossjv@gizmodo.com,Male,5
717,Juan,Gonzales,jgonzalesjw@java.com,Male,8
718,Fred,Evans,fevansjx@state.tx.us,Male,6
719,Andrew,Wagner,awagnerjy@rambler.ru,Male,9
720,William,Johnson,wjohnsonjz@wordpress.com,Male,3
721,Ernest,Myers,emyersk0@auda.org.au,Male,1
722,William,Diaz,wdiazk1@ycombinator.com,Male,10
723,Timothy,Day,tdayk2@php.net,Male,2
724,Phyllis,Adams,padamsk3@a8.net,Female,3
725,Alice,Knight,aknightk4@google.co.uk,Female,6
726,Rachel,Ross,rrossk5@spiegel.de,Female,2
727,Steve,Lawrence,slawrencek6@dyndns.org,Male,7
728,Ronald,Berry,rberryk7@bloomberg.com,Male,1
729,Laura,Chapman,lchapmank8@facebook.com,Female,9
730,Todd,Lane,tlanek9@1688.com,Male,1
731,Tammy,Brooks,tbrookska@yale.edu,Female,4
732,Judy,Sullivan,jsullivankb@salon.com,Female,6
733,Phillip,Lee,pleekc@mapquest.com,Male,7
734,Debra,Griffin,dgriffinkd@msn.com,Female,5
735,Shirley,Diaz,sdiazke@tuttocitta.it,Female,6
736,Janet,Sanchez,jsanchezkf@typepad.com,Female,9
737,Jennifer,Gibson,jgibsonkg@yellowbook.com,Female,1
738,Laura,Rivera,lriverakh@cloudflare.com,Female,2
739,George,Arnold,garnoldki@tiny.cc,Male,8
740,Jeffrey,Walker,jwalkerkj@geocities.jp,Male,10
741,Joe,Miller,jmillerkk@dedecms.com,Male,5
742,Alice,Rodriguez,arodriguezkl@sitemeter.com,Female,3
743,Kathryn,Lawrence,klawrencekm@icq.com,Female,8
744,Aaron,Peterson,apetersonkn@latimes.com,Male,10
745,Louise,Garrett,lgarrettko@guardian.co.uk,Female,6
746,Nicole,Fox,nfoxkp@auda.org.au,Female,5
747,Sean,Daniels,sdanielskq@elpais.com,Male,5
748,Chris,Jacobs,cjacobskr@g.co,Male,4
749,Michelle,Berry,mberryks@cbc.ca,Female,2
750,Irene,Welch,iwelchkt@cafepress.com,Female,1
751,Jessica,Austin,jaustinku@dion.ne.jp,Female,6
752,Carolyn,Lewis,clewiskv@storify.com,Female,7
753,Rose,Harrison,rharrisonkw@wufoo.com,Female,3
754,Albert,Price,apricekx@mysql.com,Male,6
755,Bruce,Hudson,bhudsonky@uiuc.edu,Male,6
756,Emily,Alvarez,ealvarezkz@microsoft.com,Female,8
757,Robin,Stevens,rstevensl0@360.cn,Female,6
758,Ruby,Bailey,rbaileyl1@youku.com,Female,6
759,Stephen,Rodriguez,srodriguezl2@github.com,Male,10
760,Shawn,Roberts,srobertsl3@xrea.com,Male,1
761,Juan,Woods,jwoodsl4@php.net,Male,7
762,Peter,Duncan,pduncanl5@va.gov,Male,1
763,Jonathan,Fox,jfoxl6@utexas.edu,Male,3
764,Emily,Dunn,edunnl7@smugmug.com,Female,4
765,Janice,Thompson,jthompsonl8@infoseek.co.jp,Female,5
766,Juan,Diaz,jdiazl9@gov.uk,Male,4
767,Christine,Woods,cwoodsla@blogtalkradio.com,Female,1
768,David,Sanchez,dsanchezlb@who.int,Male,2
769,Christine,Diaz,cdiazlc@istockphoto.com,Female,1
770,Judith,Richards,jrichardsld@joomla.org,Female,2
771,Anna,Oliver,aoliverle@sun.com,Female,10
772,Donald,Hansen,dhansenlf@gizmodo.com,Male,2
773,Deborah,Franklin,dfranklinlg@biglobe.ne.jp,Female,1
774,Bobby,Martin,bmartinlh@wunderground.com,Male,7
775,Justin,Bowman,jbowmanli@163.com,Male,8
776,Louis,Thompson,lthompsonlj@spotify.com,Male,1
777,Jose,Alvarez,jalvarezlk@trellian.com,Male,6
778,Peter,Gibson,pgibsonll@smugmug.com,Male,9
779,Harry,Scott,hscottlm@php.net,Male,3
780,George,Ortiz,gortizln@mtv.com,Male,8
781,Beverly,Rogers,brogerslo@free.fr,Female,3
782,Randy,Stephens,rstephenslp@harvard.edu,Male,3
783,Earl,Gonzales,egonzaleslq@stumbleupon.com,Male,8
784,Eric,Little,elittlelr@yellowpages.com,Male,6
785,Donald,King,dkingls@icq.com,Male,2
786,Bonnie,Garza,bgarzalt@spiegel.de,Female,6
787,Martha,Gomez,mgomezlu@senate.gov,Female,3
788,Harry,Young,hyounglv@dropbox.com,Male,7
789,Joseph,Mendoza,jmendozalw@rambler.ru,Male,10
790,Wayne,Matthews,wmatthewslx@yandex.ru,Male,4
791,Margaret,Morrison,mmorrisonly@reference.com,Female,3
792,George,Morrison,gmorrisonlz@springer.com,Male,9
793,Irene,Hicks,ihicksm0@cbsnews.com,Female,3
794,James,Bell,jbellm1@uol.com.br,Male,8
795,Michelle,Arnold,marnoldm2@soup.io,Female,1
796,Joan,Black,jblackm3@businessinsider.com,Female,5
797,Ronald,Rose,rrosem4@icio.us,Male,10
798,Debra,Boyd,dboydm5@yale.edu,Female,3
799,Christina,Simpson,csimpsonm6@nbcnews.com,Female,10
800,Joyce,Cooper,jcooperm7@phoca.cz,Female,3
801,Craig,Wilson,cwilsonm8@gov.uk,Male,5
802,Johnny,Peterson,jpetersonm9@fda.gov,Male,6
803,Michael,Warren,mwarrenma@accuweather.com,Male,1
804,Deborah,Stone,dstonemb@angelfire.com,Female,6
805,Cheryl,Johnson,cjohnsonmc@cpanel.net,Female,4
806,Amanda,Phillips,aphillipsmd@smh.com.au,Female,4
807,Pamela,Peterson,ppetersonme@google.co.jp,Female,5
808,Philip,Pierce,ppiercemf@de.vu,Male,2
809,Patrick,Matthews,pmatthewsmg@theguardian.com,Male,1
810,Billy,Montgomery,bmontgomerymh@sciencedirect.com,Male,4
811,Brenda,Palmer,bpalmermi@discovery.com,Female,3
812,Daniel,Johnston,djohnstonmj@nih.gov,Male,8
813,Willie,Nguyen,wnguyenmk@tuttocitta.it,Male,8
814,Russell,Richardson,rrichardsonml@theguardian.com,Male,3
815,Tammy,Gutierrez,tgutierrezmm@nhs.uk,Female,1
816,Martin,Ruiz,mruizmn@smh.com.au,Male,5
817,Frances,Cooper,fcoopermo@gmpg.org,Female,3
818,Raymond,Sanchez,rsanchezmp@php.net,Male,9
819,Gerald,Henderson,ghendersonmq@dot.gov,Male,5
820,Karen,Porter,kportermr@blogger.com,Female,1
821,Janice,Cole,jcolems@i2i.jp,Female,4
822,Phillip,Bryant,pbryantmt@sitemeter.com,Male,8
823,Katherine,Franklin,kfranklinmu@nhs.uk,Female,5
824,Judy,Gibson,jgibsonmv@mashable.com,Female,4
825,Susan,Edwards,sedwardsmw@java.com,Female,6
826,Amy,Thompson,athompsonmx@ftc.gov,Female,4
827,Larry,Hawkins,lhawkinsmy@acquirethisname.com,Male,8
828,Robin,Collins,rcollinsmz@nationalgeographic.com,Female,1
829,Marie,Alexander,malexandern0@weibo.com,Female,7
830,Jerry,Hicks,jhicksn1@ocn.ne.jp,Male,9
831,Pamela,Payne,ppaynen2@123-reg.co.uk,Female,7
832,Keith,Henderson,khendersonn3@comcast.net,Male,6
833,Norma,Mason,nmasonn4@businessweek.com,Female,10
834,Jeffrey,King,jkingn5@mediafire.com,Male,9
835,Judy,Morales,jmoralesn6@tmall.com,Female,6
836,Scott,Rivera,sriveran7@newyorker.com,Male,1
837,Larry,Kelley,lkelleyn8@boston.com,Male,8
838,Irene,Hughes,ihughesn9@cdbaby.com,Female,2
839,Albert,Peterson,apetersonna@zdnet.com,Male,5
840,Jerry,Olson,jolsonnb@edublogs.org,Male,2
841,Rachel,Ramirez,rramireznc@slideshare.net,Female,7
842,Russell,Jenkins,rjenkinsnd@soup.io,Male,4
843,Charles,Harris,charrisne@meetup.com,Male,10
844,Diana,Graham,dgrahamnf@edublogs.org,Female,6
845,Kimberly,Wright,kwrightng@accuweather.com,Female,4
846,Edward,Harris,eharrisnh@sbwire.com,Male,2
847,Juan,Armstrong,jarmstrongni@alibaba.com,Male,9
848,Gregory,Price,gpricenj@cisco.com,Male,10
849,Anne,Greene,agreenenk@ycombinator.com,Female,5
850,Heather,Hernandez,hhernandeznl@etsy.com,Female,10
851,Judy,Cunningham,jcunninghamnm@bloglines.com,Female,4
852,Amy,Turner,aturnernn@ihg.com,Female,1
853,Ann,Ellis,aellisno@pagesperso-orange.fr,Female,9
854,Michael,Larson,mlarsonnp@oakley.com,Male,10
855,Steven,Bradley,sbradleynq@sbwire.com,Male,2
856,Kimberly,Mason,kmasonnr@epa.gov,Female,10
857,Carol,Coleman,ccolemanns@multiply.com,Female,6
858,Bruce,Long,blongnt@ocn.ne.jp,Male,4
859,Jimmy,James,jjamesnu@yandex.ru,Male,10
860,Craig,Fields,cfieldsnv@spiegel.de,Male,1
861,Shirley,Rice,sricenw@xrea.com,Female,6
862,Michael,Howard,mhowardnx@uiuc.edu,Male,2
863,Patrick,Green,pgreenny@boston.com,Male,8
864,Tina,Carroll,tcarrollnz@alibaba.com,Female,3
865,Paula,Armstrong,parmstrongo0@scientificamerican.com,Female,4
866,Karen,Porter,kportero1@quantcast.com,Female,3
867,Nicholas,Garrett,ngarretto2@wikimedia.org,Male,2
868,Donald,Hicks,dhickso3@1688.com,Male,3
869,Jesse,Rodriguez,jrodriguezo4@acquirethisname.com,Male,2
870,Mildred,Gray,mgrayo5@digg.com,Female,7
871,Alice,Martinez,amartinezo6@cargocollective.com,Female,7
872,Susan,Johnson,sjohnsono7@gravatar.com,Female,10
873,George,Fuller,gfullero8@weebly.com,Male,10
874,Jane,Dixon,jdixono9@bizjournals.com,Female,1
875,Patrick,Gomez,pgomezoa@github.io,Male,6
876,Raymond,Burke,rburkeob@fema.gov,Male,2
877,Joshua,Johnson,jjohnsonoc@linkedin.com,Male,7
878,Nicholas,Spencer,nspencerod@fema.gov,Male,7
879,Jason,Wells,jwellsoe@twitter.com,Male,9
880,Maria,Diaz,mdiazof@bizjournals.com,Female,10
881,Scott,Schmidt,sschmidtog@jalbum.net,Male,10
882,Aaron,Jenkins,ajenkinsoh@clickbank.net,Male,3
883,Lois,Sanchez,lsanchezoi@flickr.com,Female,8
884,Rose,Alvarez,ralvarezoj@berkeley.edu,Female,6
885,Michelle,Perry,mperryok@domainmarket.com,Female,7
886,Harry,Watson,hwatsonol@weebly.com,Male,10
887,Russell,Hart,rhartom@barnesandnoble.com,Male,8
888,Todd,Griffin,tgriffinon@reverbnation.com,Male,4
889,Christina,Morris,cmorrisoo@google.nl,Female,9
890,Donna,Price,dpriceop@cam.ac.uk,Female,9
891,Shawn,Anderson,sandersonoq@dion.ne.jp,Male,10
892,Annie,Kelly,akellyor@studiopress.com,Female,6
893,Christopher,Bradley,cbradleyos@indiegogo.com,Male,7
894,Stephen,Baker,sbakerot@acquirethisname.com,Male,7
895,Fred,Simmons,fsimmonsou@apache.org,Male,8
896,Kimberly,Hanson,khansonov@feedburner.com,Female,1
897,Kenneth,Ford,kfordow@cocolog-nifty.com,Male,3
898,Maria,Rodriguez,mrodriguezox@nyu.edu,Female,6
899,Jessica,Myers,jmyersoy@creativecommons.org,Female,9
900,Helen,Hawkins,hhawkinsoz@nasa.gov,Female,9
901,Daniel,Carpenter,dcarpenterp0@usda.gov,Male,4
902,Catherine,James,cjamesp1@reference.com,Female,3
903,Cynthia,Howard,chowardp2@uiuc.edu,Female,8
904,Frank,Graham,fgrahamp3@accuweather.com,Male,3
905,Bobby,Ortiz,bortizp4@mapy.cz,Male,9
906,Martin,Allen,mallenp5@who.int,Male,10
907,Anna,Allen,aallenp6@slate.com,Female,8
908,Kimberly,Watson,kwatsonp7@census.gov,Female,5
909,Diana,Alexander,dalexanderp8@facebook.com,Female,1
910,Rachel,Lewis,rlewisp9@examiner.com,Female,6
911,Sharon,Perkins,sperkinspa@xinhuanet.com,Female,6
912,Philip,Brown,pbrownpb@economist.com,Male,5
913,Jack,Gordon,jgordonpc@wikispaces.com,Male,6
914,Ernest,Thompson,ethompsonpd@reference.com,Male,7
915,Albert,Montgomery,amontgomerype@google.cn,Male,8
916,Thomas,Jacobs,tjacobspf@mit.edu,Male,7
917,Laura,Elliott,lelliottpg@acquirethisname.com,Female,2
918,Jane,Russell,jrussellph@army.mil,Female,7
919,Ruth,Cox,rcoxpi@flickr.com,Female,8
920,Terry,Austin,taustinpj@tripod.com,Male,1
921,Louise,Morris,lmorrispk@hibu.com,Female,2
922,Scott,Mills,smillspl@nifty.com,Male,10
923,Ryan,Campbell,rcampbellpm@dmoz.org,Male,3
924,Carl,Cox,ccoxpn@wikispaces.com,Male,4
925,Samuel,Graham,sgrahampo@hibu.com,Male,1
926,Carol,Austin,caustinpp@feedburner.com,Female,8
927,Terry,Schmidt,tschmidtpq@latimes.com,Male,3
928,Douglas,Brooks,dbrookspr@addthis.com,Male,5
929,Matthew,Robertson,mrobertsonps@tmall.com,Male,6
930,Tina,Hicks,thickspt@intel.com,Female,6
931,Ashley,Chapman,achapmanpu@mail.ru,Female,2
932,Michelle,Roberts,mrobertspv@go.com,Female,9
933,Russell,Reed,rreedpw@odnoklassniki.ru,Male,2
934,Dorothy,Hudson,dhudsonpx@indiatimes.com,Female,8
935,Marilyn,Spencer,mspencerpy@networkadvertising.org,Female,8
936,Brenda,Frazier,bfrazierpz@uiuc.edu,Female,7
937,Ronald,Sanders,rsandersq0@vinaora.com,Male,10
938,Debra,Cook,dcookq1@narod.ru,Female,2
939,Ernest,Jackson,ejacksonq2@sohu.com,Male,3
940,Joshua,Fuller,jfullerq3@oracle.com,Male,2
941,Frank,Burke,fburkeq4@studiopress.com,Male,3
942,Sean,Williamson,swilliamsonq5@technorati.com,Male,1
943,Kathleen,Myers,kmyersq6@blogger.com,Female,6
944,Alice,Diaz,adiazq7@wp.com,Female,2
945,Paula,Sanders,psandersq8@wufoo.com,Female,6
946,Scott,Vasquez,svasquezq9@cocolog-nifty.com,Male,8
947,Janice,Barnes,jbarnesqa@jiathis.com,Female,2
948,Raymond,Wheeler,rwheelerqb@alexa.com,Male,8
949,Helen,Day,hdayqc@berkeley.edu,Female,1
950,David,Mason,dmasonqd@qq.com,Male,2
951,Beverly,Harvey,bharveyqe@about.me,Female,9
952,Stephen,Olson,solsonqf@opera.com,Male,7
953,Virginia,Taylor,vtaylorqg@youtube.com,Female,5
954,Edward,Vasquez,evasquezqh@domainmarket.com,Male,1
955,Margaret,Gonzalez,mgonzalezqi@hp.com,Female,4
956,George,Weaver,gweaverqj@engadget.com,Male,6
957,Craig,Russell,crussellqk@booking.com,Male,3
958,Sean,Davis,sdavisql@samsung.com,Male,9
959,Fred,West,fwestqm@cargocollective.com,Male,7
960,Adam,Schmidt,aschmidtqn@marketwatch.com,Male,8
961,Aaron,Moore,amooreqo@seattletimes.com,Male,9
962,Chris,Mccoy,cmccoyqp@technorati.com,Male,1
963,Albert,Hudson,ahudsonqq@sbwire.com,Male,10
964,Joan,Wagner,jwagnerqr@reddit.com,Female,1
965,Nicole,Lawrence,nlawrenceqs@deliciousdays.com,Female,6
966,Eugene,Vasquez,evasquezqt@themeforest.net,Male,3
967,Donald,Hughes,dhughesqu@imageshack.us,Male,1
968,Ralph,Kennedy,rkennedyqv@desdev.cn,Male,9
969,Jacqueline,Reed,jreedqw@hexun.com,Female,5
970,Wanda,Martin,wmartinqx@wsj.com,Female,3
971,Dorothy,Spencer,dspencerqy@networkadvertising.org,Female,7
972,Tina,Chavez,tchavezqz@e-recht24.de,Female,2
973,Frank,Collins,fcollinsr0@umn.edu,Male,4
974,Lori,Thomas,lthomasr1@1und1.de,Female,7
975,Mildred,Harvey,mharveyr2@pcworld.com,Female,2
976,Chris,Ross,crossr3@deviantart.com,Male,2
977,Kenneth,Dixon,kdixonr4@opensource.org,Male,10
978,Kathryn,Lee,kleer5@pcworld.com,Female,7
979,Shirley,Porter,sporterr6@i2i.jp,Female,1
980,Shawn,Cook,scookr7@discovery.com,Male,1
981,Jack,Hayes,jhayesr8@1und1.de,Male,6
982,Shawn,Greene,sgreener9@com.com,Male,9
983,Ryan,Kelley,rkelleyra@phoca.cz,Male,6
984,Ryan,Chapman,rchapmanrb@cisco.com,Male,9
985,Andrew,Gardner,agardnerrc@symantec.com,Male,1
986,Matthew,Gardner,mgardnerrd@woothemes.com,Male,6
987,Bobby,Thomas,bthomasre@newyorker.com,Male,2
988,Juan,Bowman,jbowmanrf@youtube.com,Male,7
989,Christina,Moreno,cmorenorg@live.com,Female,7
990,Terry,Collins,tcollinsrh@about.com,Male,5
991,Jeremy,Cruz,jcruzri@google.com,Male,1
992,Christina,Rogers,crogersrj@whitehouse.gov,Female,8
993,Charles,Hamilton,chamiltonrk@sina.com.cn,Male,9
994,William,Medina,wmedinarl@geocities.com,Male,9
995,Martha,Willis,mwillisrm@cocolog-nifty.com,Female,10
996,Clarence,Daniels,cdanielsrn@cbsnews.com,Male,1
997,Sandra,Diaz,sdiazro@indiegogo.com,Female,10
998,Andrew,Morrison,amorrisonrp@nbcnews.com,Male,1
999,Amanda,Knight,aknightrq@guardian.co.uk,Female,5
1000,Adam,Fowler,afowlerrr@yahoo.co.jp,Male,7
